categoria,sub_categoria,nombre_product,sku,url_general,url_product,price_original,precio_oferta,promo_producto,type_promo_by_product,bonus_product,type_bonus_by_product,time_update
Tv y video,Pantallas,Pantalla LG 75 Pulgadas QNED 4K UHD AI Smart TV 75QNED73ASC,https://www.soriana.com/dw/image/v2/BGBD_PRD/on/demandware.static/-/Sites-soriana-grocery-master-catalog/default/dw878e96af/images/product/8806096605028_A.jpg?sw=473&sh=473&sm=fit,https://www.soriana.com/electronica/tv-y-video/,/pantalla-lg-75-pulgadas-qned-4k-uhd-ai-smart-tv-75qned73asc/11928311.html,"$22,990.00","$13,990.00",Combo,vacio,Puntos 'dobles' al pagar con 'FALABELLA',vacio,2026-07-01
Tv y video,Pantallas,Pantalla LG 75 Pulgadas 4K UHD AI UA8000,https://www.soriana.com/dw/image/v2/BGBD_PRD/on/demandware.static/-/Sites-soriana-grocery-master-catalog/default/dw82bf0de4/images/product/8806096525364_A.jpg?sw=473&sh=473&sm=fit,https://www.soriana.com/electronica/tv-y-video/,/pantalla-lg-75-pulgadas-4k-uhd-ai-ua8000/11890193.html,"$16,590.00","$11,990.00",Combo,vacio,Puntos 'dobles' al pagar con 'FALABELLA',vacio,2026-07-01
Tv y video,Pantallas,Pantalla LG 86 Pulgadas QNED 4K UHD AI Smart TV 86QNED73ASA,https://www.soriana.com/dw/image/v2/BGBD_PRD/on/demandware.static/-/Sites-soriana-grocery-master-catalog/default/dw3315fbfc/images/product/8806096597545_A.jpg?sw=473&sh=473&sm=fit,https://www.soriana.com/electronica/tv-y-video/,/pantalla-lg-86-pulgadas-qned-4k-uhd-ai-smart-tv-86qned73asa/11928206.html,"$26,990.00","$17,990.00",Combo,vacio,Puntos 'dobles' al pagar con 'FALABELLA',vacio,2026-07-01
Tv y video,Pantallas,Pantalla TCL 85 Pulgadas 4K QLED Google TV 85Q5K,https://www.soriana.com/dw/image/v2/BGBD_PRD/on/demandware.static/-/Sites-soriana-grocery-master-catalog/default/dw8bb27361/images/product/846042073172_A.jpg?sw=473&sh=473&sm=fit,https://www.soriana.com/electronica/tv-y-video/,/pantalla-tcl-85-pulgadas-4k-qled-google-tv-85q5k/11870360.html,"$23,990.00","$15,990.00",Garantía extendida,vacio,Puntos 'dobles' al pagar con 'FALABELLA',vacio,2026-07-01
Tv y video,Pantallas,Pantalla LG 60 Pulgadas 4K UHD AI UA7500,https://www.soriana.com/dw/image/v2/BGBD_PRD/on/demandware.static/-/Sites-soriana-grocery-master-catalog/default/dw559671c8/images/product/8806096487532_A.jpg?sw=473&sh=473&sm=fit,https://www.soriana.com/electronica/tv-y-video/,/pantalla-lg-60-pulgadas-4k-uhd-ai-ua7500/11890141.html,"$11,990.00",vacio,Combo,vacio,Puntos 'dobles' al pagar con 'FALABELLA',vacio,2026-07-01
Tv y video,Pantallas,"Pantalla 55"" JVC 4K UHD Frameless Roku TV SI55URF",https://www.soriana.com/dw/image/v2/BGBD_PRD/on/demandware.static/-/Sites-soriana-grocery-master-catalog/default/dwd5e97cf2/images/product/0841848102163_A.jpg?sw=473&sh=473&sm=fit,https://www.soriana.com/electronica/tv-y-video/,/pantalla-55-jvc-4k-uhd-frameless-roku-tv-si55urf/11667002.html,"$9,990.00",vacio,Hasta 36 MSI,vacio,Puntos 'dobles' al pagar con 'FALABELLA',vacio,2026-07-01
Tv y video,Pantallas,Pantalla LG 98 Pulgadas 4K UHD AI Smart TV 98UT9050PSA,https://www.soriana.com/dw/image/v2/BGBD_PRD/on/demandware.static/-/Sites-soriana-grocery-master-catalog/default/dw412ace6b/images/product/8806096167960_A.jpg?sw=473&sh=473&sm=fit,https://www.soriana.com/electronica/tv-y-video/,/pantalla-lg-98-pulgadas-4k-uhd-ai-smart-tv-98ut9050psa/11894346.html,"$44,990.00","$32,990.00",Combo,vacio,Puntos 'dobles' al pagar con 'FALABELLA',vacio,2026-07-01
Tv y video,Pantallas,Pantalla Vios 50 pulgadas Smart TV LED UHD VI-50T232,https://www.soriana.com/dw/image/v2/BGBD_PRD/on/demandware.static/-/Sites-soriana-grocery-master-catalog/default/dwf63959a7/images/product/7500525799531_A.jpg?sw=473&sh=473&sm=fit,https://www.soriana.com/electronica/tv-y-video/,/pantalla-vios-50-pulgadas-smart-tv-led-uhd-vi-50t232/11802214.html,"$7,899.00",vacio,Garantía extendida,vacio,Puntos 'dobles' al pagar con 'FALABELLA',vacio,2026-07-01
Tv y video,Pantallas,"Pantalla 70"" JVC 4K UHD Frameless Roku TV SI70URF",https://www.soriana.com/dw/image/v2/BGBD_PRD/on/demandware.static/-/Sites-soriana-grocery-master-catalog/default/dw7bdf0534/images/product/0841848102439_A.jpg?sw=473&sh=473&sm=fit,https://www.soriana.com/electronica/tv-y-video/,/pantalla-70-jvc-4k-uhd-frameless-roku-tv-si70urf/11804126.html,"$11,990.00","$9,290.00",Garantía extendida,vacio,Puntos 'dobles' al pagar con 'FALABELLA',vacio,2026-07-01
Tv y video,Pantallas,Pantalla TCL 75 Pulgadas 4K QLED Google TV 75Q5K,https://www.soriana.com/dw/image/v2/BGBD_PRD/on/demandware.static/-/Sites-soriana-grocery-master-catalog/default/dwb1b40330/images/product/846042073165_A.jpg?sw=473&sh=473&sm=fit,https://www.soriana.com/electronica/tv-y-video/,/pantalla-tcl-75-pulgadas-4k-qled-google-tv-75q5k/11870618.html,"$14,990.00","$11,990.00",Hasta 36 MSI,vacio,Puntos 'dobles' al pagar con 'FALABELLA',vacio,2026-07-01
Tv y video,Pantallas,Pantalla LG 75 Pulgadas NANO 4K UHD 75NU851BPSG,https://www.soriana.com/dw/image/v2/BGBD_PRD/on/demandware.static/-/Sites-soriana-grocery-master-catalog/default/dwc3dd4406/images/product/8806096758007_A.jpg?sw=473&sh=473&sm=fit,https://www.soriana.com/electronica/tv-y-video/,/pantalla-lg-75-pulgadas-nano-4k-uhd-75nu851bpsg/11928331.html,"$16,590.00","$11,990.00",Garantía extendida,vacio,Puntos 'dobles' al pagar con 'FALABELLA',vacio,2026-07-01
Tv y video,Pantallas,Pantalla Vios 43 pulgadas Smart TV LED FHD VI-43T232,https://www.soriana.com/dw/image/v2/BGBD_PRD/on/demandware.static/-/Sites-soriana-grocery-master-catalog/default/dwc74d8cbb/images/product/7500525799524_A.jpg?sw=473&sh=473&sm=fit,https://www.soriana.com/electronica/tv-y-video/,/pantalla-vios-43-pulgadas-smart-tv-led-fhd-vi-43t232/11802213.html,"$5,799.00",vacio,Garantía extendida,vacio,Puntos 'dobles' al pagar con 'FALABELLA',vacio,2026-07-01
Tv y video,Pantallas,Pantalla TCL 40 pulgadas Smart TV LED FHD 40S330A,https://www.soriana.com/dw/image/v2/BGBD_PRD/on/demandware.static/-/Sites-soriana-grocery-master-catalog/default/dw5832e8f2/images/product/0840464042648_A.jpg?sw=473&sh=473&sm=fit,https://www.soriana.com/electronica/tv-y-video/,/pantalla-tcl-40-pulgadas-smart-tv-led-fhd-40s330a/11782718.html,"$4,690.00",vacio,Hasta 36 MSI,vacio,vacio,vacio,2026-07-01
Tv y video,Pantallas,Pantalla JVC 50 pulgadas Smart TV LED 4K UHD Roku SI50URF,https://www.soriana.com/dw/image/v2/BGBD_PRD/on/demandware.static/-/Sites-soriana-grocery-master-catalog/default/dw780d350e/images/product/0841848101968_A.jpg?sw=473&sh=473&sm=fit,https://www.soriana.com/electronica/tv-y-video/,/pantalla-jvc-50-pulgadas-smart-tv-led-4k-uhd-roku-si50urf/11658836.html,"$10,015.00",vacio,Hasta 36 MSI,vacio,Puntos 'dobles' al pagar con 'FALABELLA',vacio,2026-07-01
Tv y video,Pantallas,Pantalla Samsung 75 Pulgadas 4K Crystal UHD UN75U8000,https://www.soriana.com/dw/image/v2/BGBD_PRD/on/demandware.static/-/Sites-soriana-grocery-master-catalog/default/dwae7f1610/images/product/8806097038313_A.jpg?sw=473&sh=473&sm=fit,https://www.soriana.com/electronica/tv-y-video/,/pantalla-samsung-75-pulgadas-4k-crystal-uhd-un75u8000/11897312.html,"$19,790.00",vacio,Garantía extendida,vacio,Puntos 'dobles' al pagar con 'FALABELLA',vacio,2026-07-01
Tv y video,Pantallas,"Pantalla 70"" Samsung 4K UHD Crystal UN70DU7000FXZX",https://www.soriana.com/dw/image/v2/BGBD_PRD/on/demandware.static/-/Sites-soriana-grocery-master-catalog/default/dw7954d46a/images/product/8806095473598_A.jpg?sw=473&sh=473&sm=fit,https://www.soriana.com/electronica/tv-y-video/,/pantalla-70-samsung-4k-uhd-crystal-un70du7000fxzx/11803350.html,"$14,999.00",vacio,Garantía extendida,vacio,Puntos 'dobles' al pagar con 'FALABELLA',vacio,2026-07-01
Tv y video,Pantallas,Pantalla Hisense 32 Pulgadas HD LED VIDAA TV 32A4NV,https://www.soriana.com/dw/image/v2/BGBD_PRD/on/demandware.static/-/Sites-soriana-grocery-master-catalog/default/dw6100fffe/images/product/888143022284_A.jpg?sw=473&sh=473&sm=fit,https://www.soriana.com/electronica/tv-y-video/,/pantalla-hisense-32-pulgadas-hd-led-vidaa-tv-32a4nv/11888572.html,"$4,190.00","$3,590.00",Hasta 36 MSI,vacio,vacio,vacio,2026-07-01
Tv y video,Pantallas,Pantalla LG 32 Pulgadas HD Smart TV LR600,https://www.soriana.com/dw/image/v2/BGBD_PRD/on/demandware.static/-/Sites-soriana-grocery-master-catalog/default/dwfbe3f8cb/images/product/8806096406120_A.jpg?sw=473&sh=473&sm=fit,https://www.soriana.com/electronica/tv-y-video/,/pantalla-lg-32-pulgadas-hd-smart-tv-lr600/11890171.html,"$4,490.00","$2,990.00",Hasta 36 MSI,vacio,Puntos 'dobles' al pagar con 'FALABELLA',vacio,2026-07-01
Tv y video,Pantallas,Proyector Samsung Freestyle Portátil,https://www.soriana.com/dw/image/v2/BGBD_PRD/on/demandware.static/-/Sites-soriana-grocery-master-catalog/default/dwea22c5d0/images/product/8806094105322_A.jpg?sw=473&sh=473&sm=fit,https://www.soriana.com/electronica/tv-y-video/,/proyector-samsung-freestyle-portatil/11648179.html,"$13,390.00",vacio,Garantía extendida,vacio,vacio,vacio,2026-07-01
Tv y video,Pantallas,Pantalla Samsung 75 Pulgadas 4K QLED QN75Q80DA,https://www.soriana.com/dw/image/v2/BGBD_PRD/on/demandware.static/-/Sites-soriana-grocery-master-catalog/default/dw07020f10/images/product/8806095464473_A.jpg?sw=473&sh=473&sm=fit,https://www.soriana.com/electronica/tv-y-video/,/pantalla-samsung-75-pulgadas-4k-qled-qn75q80da/11858021.html,"$32,990.00",vacio,Garantía extendida,vacio,Puntos 'dobles' al pagar con 'FALABELLA',vacio,2026-07-01
Tv y video,Pantallas,Pantalla Hisense 75 Pulg 4K UHD VIDAA U5 75A65NV,https://www.soriana.com/dw/image/v2/BGBD_PRD/on/demandware.static/-/Sites-soriana-grocery-master-catalog/default/dwb1ff7ba8/images/product/888143022208_A.jpg?sw=473&sh=473&sm=fit,https://www.soriana.com/electronica/tv-y-video/,/pantalla-hisense-75-pulg-4k-uhd-vidaa-u5-75a65nv/11896972.html,"$15,490.00","$12,990.00",Hasta 36 MSI,vacio,vacio,vacio,2026-07-01
Tv y video,Pantallas,Pantalla Vios 55 pulgadas Smart TV LED UHD VI-32T231,https://www.soriana.com/dw/image/v2/BGBD_PRD/on/demandware.static/-/Sites-soriana-grocery-master-catalog/default/dw3c11ca9c/images/product/7500525799548_A.jpg?sw=473&sh=473&sm=fit,https://www.soriana.com/electronica/tv-y-video/,/pantalla-vios-55-pulgadas-smart-tv-led-uhd-vi-32t231/11802378.html,"$9,199.00",vacio,Hasta 36 MSI,vacio,Puntos 'dobles' al pagar con 'FALABELLA',vacio,2026-07-01
Tv y video,Pantallas,Pantalla Vios 50 pulgadas Smart TV LED 4K UHD VI-93935,https://www.soriana.com/dw/image/v2/BGBD_PRD/on/demandware.static/-/Sites-soriana-grocery-master-catalog/default/dwa0275adc/images/product/0765167309044_A.jpg?sw=473&sh=473&sm=fit,https://www.soriana.com/electronica/tv-y-video/,/pantalla-vios-50-pulgadas-smart-tv-led-4k-uhd-vi-93935/11771742.html,"$7,990.00",vacio,Garantía extendida,vacio,Puntos 'dobles' al pagar con 'FALABELLA',vacio,2026-07-01
Tv y video,Pantallas,Pantalla Vios 100 pulgadas 4K UHD Smart TV LED,https://www.soriana.com/dw/image/v2/BGBD_PRD/on/demandware.static/-/Sites-soriana-grocery-master-catalog/default/dwb31c1ca1/images/product/7500525799579_A.jpg?sw=473&sh=473&sm=fit,https://www.soriana.com/electronica/tv-y-video/,/pantalla-vios-100-pulgadas-4k-uhd-smart-tv-led/11802377.html,"$31,490.00",vacio,Garantía extendida,vacio,Puntos 'dobles' al pagar con 'FALABELLA',vacio,2026-07-01
Tv y video,Pantallas,Pantalla Vios 65 pulgadas Smart TV LED UHD VI-32T231,https://www.soriana.com/dw/image/v2/BGBD_PRD/on/demandware.static/-/Sites-soriana-grocery-master-catalog/default/dwb053e026/images/product/7500525799555_A.jpg?sw=473&sh=473&sm=fit,https://www.soriana.com/electronica/tv-y-video/,/pantalla-vios-65-pulgadas-smart-tv-led-uhd-vi-32t231/11802216.html,"$11,499.00",vacio,Garantía extendida,vacio,Puntos 'dobles' al pagar con 'FALABELLA',vacio,2026-07-01
Tv y video,Pantallas,CAMISETA SELECCIÓN 2026 LG,https://www.soriana.com/dw/image/v2/BGBD_PRD/on/demandware.static/-/Sites-soriana-grocery-master-catalog/default/dwfc5c2e35/images/product/8806096812310 - jersey_A.jpg?sw=473&sh=473&sm=fit,https://www.soriana.com/electronica/tv-y-video/,/camiseta-seleccion-2026-lg/11928740.html,"$1,999.00",vacio,Combo,vacio,Puntos 'dobles' al pagar con 'FALABELLA',vacio,2026-07-01
Tv y video,Pantallas,Pantalla LG 55 Pulgadas 4K UHD Smart TV 55UA7500,https://www.soriana.com/dw/image/v2/BGBD_PRD/on/demandware.static/-/Sites-soriana-grocery-master-catalog/default/dw7a0e94fc/images/product/8806096329719_A.jpg?sw=473&sh=473&sm=fit,https://www.soriana.com/electronica/tv-y-video/,/pantalla-lg-55-pulgadas-4k-uhd-smart-tv-55ua7500/11923636.html,"$10,399.00","$7,490.00",Hasta 36 MSI,vacio,Puntos 'dobles' al pagar con 'FALABELLA',vacio,2026-07-01
Tv y video,Pantallas,Pantalla Hisense VIDAA 32 Pulg FHD Smart TV 32A4KV,https://www.soriana.com/dw/image/v2/BGBD_PRD/on/demandware.static/-/Sites-soriana-grocery-master-catalog/default/dwadf2a66d/images/product/6942147489383_A.jpg?sw=473&sh=473&sm=fit,https://www.soriana.com/electronica/tv-y-video/,/pantalla-hisense-vidaa-32-pulg-fhd-smart-tv-32a4kv/11863353.html,"$3,990.00",vacio,Garantía extendida,vacio,vacio,vacio,2026-07-01
Tv y video,Pantallas,Pantalla Samsung 55 Pulgadas 4K Crystal Bussines TV LH55BEDHVG,https://www.soriana.com/dw/image/v2/BGBD_PRD/on/demandware.static/-/Sites-soriana-grocery-master-catalog/default/dwcc11df14/images/product/8806095637259_A.jpg?sw=473&sh=473&sm=fit,https://www.soriana.com/electronica/tv-y-video/,/pantalla-samsung-55-pulgadas-4k-crystal-bussines-tv-lh55bedhvg/11858017.html,"$10,990.00",vacio,Hasta 36 MSI,vacio,Puntos 'dobles' al pagar con 'FALABELLA',vacio,2026-07-01
Tv y video,Pantallas,"Pantalla 55"" LG 4K UHD AI THINQ Smart TV 55UR7800PSB",https://www.soriana.com/dw/image/v2/BGBD_PRD/on/demandware.static/-/Sites-soriana-grocery-master-catalog/default/dw4875a85a/images/product/8806087087291_A.jpg?sw=473&sh=473&sm=fit,https://www.soriana.com/electronica/tv-y-video/,/pantalla-55-lg-4k-uhd-ai-thinq-smart-tv-55ur7800psb/11718895.html,"$9,990.00","$6,990.00",Hasta 36 MSI,vacio,Puntos 'dobles' al pagar con 'FALABELLA',vacio,2026-07-01
Tv y video,Pantallas,Pantalla JVC 86 pulgadas Smart TV LED 4K UHD Roku SI86URF,https://www.soriana.com/dw/image/v2/BGBD_PRD/on/demandware.static/-/Sites-soriana-grocery-master-catalog/default/dwd911546d/images/product/0841848102668_A.jpg?sw=473&sh=473&sm=fit,https://www.soriana.com/electronica/tv-y-video/,/pantalla-jvc-86-pulgadas-smart-tv-led-4k-uhd-roku-si86urf/11824973.html,"$22,990.00",vacio,Hasta 36 MSI,vacio,Puntos 'dobles' al pagar con 'FALABELLA',vacio,2026-07-01
Tv y video,Pantallas,Pantalla Samsung 43 Pulgadas 4K Smart TV UN43U8000FFXZX,https://www.soriana.com/dw/image/v2/BGBD_PRD/on/demandware.static/-/Sites-soriana-grocery-master-catalog/default/dw0af7ac05/images/product/8806097037293_A.jpg?sw=473&sh=473&sm=fit,https://www.soriana.com/electronica/tv-y-video/,/pantalla-samsung-43-pulgadas-4k-smart-tv-un43u8000ffxzx/11934601.html,"$5,990.00","$5,290.00",Garantía extendida,vacio,vacio,vacio,2026-07-01
Tv y video,Pantallas,Pantalla LG 86 Pulgadas 4K UHD AI UA7500,https://www.soriana.com/dw/image/v2/BGBD_PRD/on/demandware.static/-/Sites-soriana-grocery-master-catalog/default/dwac3b4588/images/product/8806096339589_A.jpg?sw=473&sh=473&sm=fit,https://www.soriana.com/electronica/tv-y-video/,/pantalla-lg-86-pulgadas-4k-uhd-ai-ua7500/11890217.html,"$22,990.00","$17,990.00",Hasta 36 MSI,vacio,Puntos 'dobles' al pagar con 'FALABELLA',vacio,2026-07-01
Tv y video,Pantallas,Pantalla Samsung 65 pulgadas Smart TV QLED 8K UHD QN65QN800AFXZX,https://www.soriana.com/dw/image/v2/BGBD_PRD/on/demandware.static/-/Sites-soriana-grocery-master-catalog/default/dwa087cc38/images/product/8806092014947_A.jpg?sw=473&sh=473&sm=fit,https://www.soriana.com/electronica/tv-y-video/,/pantalla-samsung-65-pulgadas-smart-tv-qled-8k-uhd-qn65qn800afxzx/11592577.html,"$79,990.00",vacio,Hasta 36 MSI,vacio,Puntos 'dobles' al pagar con 'FALABELLA',vacio,2026-07-01
Tv y video,Pantallas,"Pantalla 43"" Hisense FHD VIDAA TV 43A45NV",https://www.soriana.com/dw/image/v2/BGBD_PRD/on/demandware.static/-/Sites-soriana-grocery-master-catalog/default/dw3ad08651/images/product/6942351415253_A.jpg?sw=473&sh=473&sm=fit,https://www.soriana.com/electronica/tv-y-video/,/pantalla-43-hisense-fhd-vidaa-tv-43a45nv/11925587.html,"$5,990.00",vacio,Hasta 36 MSI,vacio,Puntos 'dobles' al pagar con 'FALABELLA',vacio,2026-07-01
Tv y video,Pantallas,Pantalla TCL 58 Pulg 4K UHD Google TV 58S454,https://www.soriana.com/dw/image/v2/BGBD_PRD/on/demandware.static/-/Sites-soriana-grocery-master-catalog/default/dw285e32af/images/product/840464041634_A.jpg?sw=473&sh=473&sm=fit,https://www.soriana.com/electronica/tv-y-video/,/pantalla-tcl-58-pulg-4k-uhd-google-tv-58s454/11863351.html,"$8,490.00",vacio,Garantía extendida,vacio,vacio,vacio,2026-07-01
Tv y video,Pantallas,Pantalla LG 65 Pulgadas 4K UHD Smart TV 65UA7500,https://www.soriana.com/dw/image/v2/BGBD_PRD/on/demandware.static/-/Sites-soriana-grocery-master-catalog/default/dwee9d51ec/images/product/8806096330111_A.jpg?sw=473&sh=473&sm=fit,https://www.soriana.com/electronica/tv-y-video/,/pantalla-lg-65-pulgadas-4k-uhd-smart-tv-65ua7500/11923637.html,"$13,499.00","$9,490.00",Hasta 36 MSI,vacio,Puntos 'dobles' al pagar con 'FALABELLA',vacio,2026-07-01
Tv y video,Pantallas,Pantalla LG 50 Pulgadas 4K UHD AI UA7500,https://www.soriana.com/dw/image/v2/BGBD_PRD/on/demandware.static/-/Sites-soriana-grocery-master-catalog/default/dw0a4b4b12/images/product/8806096329276_A.jpg?sw=473&sh=473&sm=fit,https://www.soriana.com/electronica/tv-y-video/,/pantalla-lg-50-pulgadas-4k-uhd-ai-ua7500/11890199.html,"$9,390.00","$6,990.00",Hasta 36 MSI,vacio,Puntos 'dobles' al pagar con 'FALABELLA',vacio,2026-07-01
Tv y video,Pantallas,Pantalla Hisense 40 Pulgadas HD LED VIDAA TV 40A4NV,https://www.soriana.com/dw/image/v2/BGBD_PRD/on/demandware.static/-/Sites-soriana-grocery-master-catalog/default/dw82c950c6/images/product/888143021546_A.jpg?sw=473&sh=473&sm=fit,https://www.soriana.com/electronica/tv-y-video/,/pantalla-hisense-40-pulgadas-hd-led-vidaa-tv-40a4nv/11888573.html,"$6,190.00","$5,590.00",Hasta 36 MSI,vacio,vacio,vacio,2026-07-01
Tv y video,Pantallas,Pantalla Hisense 75 Pulgadas QLED 4K VIDAA TV 75QD65QV,https://www.soriana.com/dw/image/v2/BGBD_PRD/on/demandware.static/-/Sites-soriana-grocery-master-catalog/default/dwd8dac1ad/images/product/6942351414911_A.jpg?sw=473&sh=473&sm=fit,https://www.soriana.com/electronica/tv-y-video/,/pantalla-hisense-75-pulgadas-qled-4k-vidaa-tv-75qd65qv/11925683.html,"$13,940.00",vacio,Garantía extendida,vacio,Puntos 'dobles' al pagar con 'FALABELLA',vacio,2026-07-01
Tv y video,Pantallas,Pantalla Hisense 50 Pulgadas QLED 4K VIDAA TV 50QD65QV,https://www.soriana.com/dw/image/v2/BGBD_PRD/on/demandware.static/-/Sites-soriana-grocery-master-catalog/default/dwe92f4ca3/images/product/6942351425283_A.jpg?sw=473&sh=473&sm=fit,https://www.soriana.com/electronica/tv-y-video/,/pantalla-hisense-50-pulgadas-qled-4k-vidaa-tv-50qd65qv/11925673.html,"$9,990.00",vacio,Garantía extendida,vacio,Puntos 'dobles' al pagar con 'FALABELLA',vacio,2026-07-01
Tv y video,Pantallas,Pantalla Samsung 50 pulgadas Smart TV LED 4K UHD UN50DU7000FXZX,https://www.soriana.com/dw/image/v2/BGBD_PRD/on/demandware.static/-/Sites-soriana-grocery-master-catalog/default/dw00c50b53/images/product/8806095472041_A.jpg?sw=473&sh=473&sm=fit,https://www.soriana.com/electronica/tv-y-video/,/pantalla-samsung-50-pulgadas-smart-tv-led-4k-uhd-un50du7000fxzx/11803348.html,"$9,999.00",vacio,Hasta 36 MSI,vacio,Puntos 'dobles' al pagar con 'FALABELLA',vacio,2026-07-01
Tv y video,Pantallas,Pantalla Samsung 65 Pulgadas 4K UHD UN65DU7000FX,https://www.soriana.com/dw/image/v2/BGBD_PRD/on/demandware.static/-/Sites-soriana-grocery-master-catalog/default/dw61a55e13/images/product/8806095473574_A.jpg?sw=473&sh=473&sm=fit,https://www.soriana.com/electronica/tv-y-video/,/pantalla-samsung-65-pulgadas-4k-uhd-un65du7000fx/11833489.html,"$15,990.00",vacio,vacio,vacio,vacio,vacio,2026-07-01
Tv y video,Pantallas,Pantalla Vios 55 Pulgadas 4K UHD QLED Android TV,https://www.soriana.com/dw/image/v2/BGBD_PRD/on/demandware.static/-/Sites-soriana-grocery-master-catalog/default/dwda77b546/images/product/7500525987877_A.jpg?sw=473&sh=473&sm=fit,https://www.soriana.com/electronica/tv-y-video/,/pantalla-vios-55-pulgadas-4k-uhd-qled-android-tv/11887485.html,"$7,990.00",vacio,Garantía extendida,vacio,Puntos 'dobles' al pagar con 'FALABELLA',vacio,2026-07-01
Tv y video,Pantallas,Pantalla Samsung 75 Pulgadas 4K QLED QN75Q60TA,https://www.soriana.com/dw/image/v2/BGBD_PRD/on/demandware.static/-/Sites-soriana-grocery-master-catalog/default/dw84c8f3b2/images/product/8806090291531_A.jpg?sw=473&sh=473&sm=fit,https://www.soriana.com/electronica/tv-y-video/,/pantalla-samsung-75-pulgadas-4k-qled-qn75q60ta/11770028.html,"$39,990.00",vacio,Hasta 36 MSI,vacio,Puntos 'dobles' al pagar con 'FALABELLA',vacio,2026-07-01
Tv y video,Pantallas,"Pantalla 32"" RCA HD Android TV TC-LE32K-AN2401",https://www.soriana.com/dw/image/v2/BGBD_PRD/on/demandware.static/-/Sites-soriana-grocery-master-catalog/default/dw618bafeb/images/product/860011659808_A.jpg?sw=473&sh=473&sm=fit,https://www.soriana.com/electronica/tv-y-video/,/pantalla-32-rca-hd-android-tv-tc-le32k-an2401/11917615.html,"$3,090.00","$2,790.00",Hasta 36 MSI,vacio,vacio,vacio,2026-07-01
Tv y video,Pantallas,"Pantalla 50"" RCA UHD Google TV TC-LE50K-GO2401",https://www.soriana.com/dw/image/v2/BGBD_PRD/on/demandware.static/-/Sites-soriana-grocery-master-catalog/default/dw041c2f07/images/product/0860011659822_A.jpg?sw=473&sh=473&sm=fit,https://www.soriana.com/electronica/tv-y-video/,/pantalla-50-rca-uhd-google-tv-tc-le50k-go2401/11917673.html,"$7,290.00","$6,190.00",Hasta 36 MSI,vacio,vacio,vacio,2026-07-01
Tv y video,Pantallas,Pantalla Hisense 50 Pulgadas 4K QLED VIDAA TV 50QD6QV,https://www.soriana.com/dw/image/v2/BGBD_PRD/on/demandware.static/-/Sites-soriana-grocery-master-catalog/default/dw725c0608/images/product/888143022048_A.jpg?sw=473&sh=473&sm=fit,https://www.soriana.com/electronica/tv-y-video/,/pantalla-hisense-50-pulgadas-4k-qled-vidaa-tv-50qd6qv/11900639.html,"$9,990.00","$7,990.00",Garantía extendida,vacio,vacio,vacio,2026-07-01
Tv y video,Pantallas,"Pantalla 55"" Samsung 4K UHD Crystal UN55U8000FFXZX",https://www.soriana.com/dw/image/v2/BGBD_PRD/on/demandware.static/-/Sites-soriana-grocery-master-catalog/default/dwab0f45b6/images/product/8806095472058_A.jpg?sw=473&sh=473&sm=fit,https://www.soriana.com/electronica/tv-y-video/,/pantalla-55-samsung-4k-uhd-crystal-un55u8000ffxzx/11803349.html,"$10,999.00",vacio,Garantía extendida,vacio,Puntos 'dobles' al pagar con 'FALABELLA',vacio,2026-07-01
Tv y video,Pantallas,Pantalla Vios 32 pulgadas Smart TV LED HD VI-32T232,https://www.soriana.com/dw/image/v2/BGBD_PRD/on/demandware.static/-/Sites-soriana-grocery-master-catalog/default/dw2d9ceeef/images/product/7500525799517_A.jpg?sw=473&sh=473&sm=fit,https://www.soriana.com/electronica/tv-y-video/,/pantalla-vios-32-pulgadas-smart-tv-led-hd-vi-32t232/11802212.html,"$3,690.00",vacio,Garantía extendida,vacio,Puntos 'dobles' al pagar con 'FALABELLA',vacio,2026-07-01
Tv y video,Pantallas,Pantalla Samsung 55 Pulgadas 4K Smart TV UN55U8200FFXZX,https://www.soriana.com/dw/image/v2/BGBD_PRD/on/demandware.static/-/Sites-soriana-grocery-master-catalog/default/dwa38b3ed8/images/product/8806097038221_A.jpg?sw=473&sh=473&sm=fit,https://www.soriana.com/electronica/tv-y-video/,/pantalla-samsung-55-pulgadas-4k-smart-tv-un55u8200ffxzx/11934420.html,"$8,990.00","$6,990.00",Hasta 36 MSI,vacio,vacio,vacio,2026-07-01
Tv y video,Pantallas,Pantalla Samsung 85 pulgadas Smart TV LED 4K UHD UN85DU7010FXZX,https://www.soriana.com/dw/image/v2/BGBD_PRD/on/demandware.static/-/Sites-soriana-grocery-master-catalog/default/dw792792a7/images/product/8806095499307_A.jpg?sw=473&sh=473&sm=fit,https://www.soriana.com/electronica/tv-y-video/,/pantalla-samsung-85-pulgadas-smart-tv-led-4k-uhd-un85du7010fxzx/11849102.html,"$29,990.00",vacio,Hasta 36 MSI,vacio,Puntos 'dobles' al pagar con 'FALABELLA',vacio,2026-07-01
Tv y video,Pantallas,"Pantalla 65"" LG 4K UHD AI THINQ 65UR7800PSB",https://www.soriana.com/dw/image/v2/BGBD_PRD/on/demandware.static/-/Sites-soriana-grocery-master-catalog/default/dw154079ee/images/product/8806087087345_A.jpg?sw=473&sh=473&sm=fit,https://www.soriana.com/electronica/tv-y-video/,/pantalla-65-lg-4k-uhd-ai-thinq-65ur7800psb/11719326.html,"$15,990.00","$8,990.00",Hasta 36 MSI,vacio,Puntos 'dobles' al pagar con 'FALABELLA',vacio,2026-07-01
Tv y video,Pantallas,"Pantalla 32"" JVC HD Roku TV SI32R",https://www.soriana.com/dw/image/v2/BGBD_PRD/on/demandware.static/-/Sites-soriana-grocery-master-catalog/default/dw7f304fc5/images/product/0841848101227_A.jpg?sw=473&sh=473&sm=fit,https://www.soriana.com/electronica/tv-y-video/,/pantalla-32--jvc-hd-roku-tv-si32r/11585477.html,"$3,990.00",vacio,Hasta 36 MSI,vacio,Puntos 'dobles' al pagar con 'FALABELLA',vacio,2026-07-01
Tv y video,Pantallas,Pantalla Vios 70 Pulgadas 4K UHD QLED Android TV,https://www.soriana.com/dw/image/v2/BGBD_PRD/on/demandware.static/-/Sites-soriana-grocery-master-catalog/default/dw47a41f62/images/product/7500525987884_A.jpg?sw=473&sh=473&sm=fit,https://www.soriana.com/electronica/tv-y-video/,/pantalla-vios-70-pulgadas-4k-uhd-qled-android-tv/11887783.html,"$12,990.00",vacio,Hasta 36 MSI,vacio,Puntos 'dobles' al pagar con 'FALABELLA',vacio,2026-07-01
Tv y video,Pantallas,Pantalla Samsung 85 Pulgadas 4K QLED QN85Q70C,https://www.soriana.com/dw/image/v2/BGBD_PRD/on/demandware.static/-/Sites-soriana-grocery-master-catalog/default/dwedc80d49/images/product/8806094807158_A.jpg?sw=473&sh=473&sm=fit,https://www.soriana.com/electronica/tv-y-video/,/pantalla-samsung-85-pulgadas-4k-qled-qn85q70c/11770029.html,"$44,990.00",vacio,Garantía extendida,vacio,Puntos 'dobles' al pagar con 'FALABELLA',vacio,2026-07-01
Tv y video,Pantallas,Pantalla Vios 32 Pulg Smart TV HD Android TV,https://www.soriana.com/dw/image/v2/BGBD_PRD/on/demandware.static/-/Sites-soriana-grocery-master-catalog/default/dw9db51982/images/product/7500525814081_A.jpg?sw=473&sh=473&sm=fit,https://www.soriana.com/electronica/tv-y-video/,/pantalla-vios-32-pulg-smart-tv-hd-android-tv/11776763.html,"$3,690.00",vacio,Garantía extendida,vacio,Puntos 'dobles' al pagar con 'FALABELLA',vacio,2026-07-01
Tv y video,Pantallas,Pantalla Vios 70 Pulgadas 4K UHD LED Android TV,https://www.soriana.com/dw/image/v2/BGBD_PRD/on/demandware.static/-/Sites-soriana-grocery-master-catalog/default/dw86846500/images/product/7500525987860_A.jpg?sw=473&sh=473&sm=fit,https://www.soriana.com/electronica/tv-y-video/,/pantalla-vios-70-pulgadas-4k-uhd-led-android-tv/11887829.html,"$10,990.00",vacio,Hasta 36 MSI,vacio,Puntos 'dobles' al pagar con 'FALABELLA',vacio,2026-07-01
Tv y video,Pantallas,Pantalla Samsung 65 Pulgadas 4K NEO QLED QN65QN90,https://www.soriana.com/dw/image/v2/BGBD_PRD/on/demandware.static/-/Sites-soriana-grocery-master-catalog/default/dwd6c451e1/images/product/8806095388151_A.jpg?sw=473&sh=473&sm=fit,https://www.soriana.com/electronica/tv-y-video/,/pantalla-samsung-65-pulgadas-4k-neo-qled-qn65qn90/11858013.html,"$27,990.00",vacio,Hasta 36 MSI,vacio,Puntos 'dobles' al pagar con 'FALABELLA',vacio,2026-07-01
Tv y video,Pantallas,"Pantalla 85"" Samsung 4K UHD UN85DU7000FXZX",https://www.soriana.com/dw/image/v2/BGBD_PRD/on/demandware.static/-/Sites-soriana-grocery-master-catalog/default/dw55a6ba9f/images/product/8806095473628_A.jpg?sw=473&sh=473&sm=fit,https://www.soriana.com/electronica/tv-y-video/,/pantalla-85-samsung-4k-uhd-un85du7000fxzx/11803352.html,"$29,999.00",vacio,Garantía extendida,vacio,Puntos 'dobles' al pagar con 'FALABELLA',vacio,2026-07-01
Tv y video,Pantallas,Pantalla Sharp 70 pulgadas Smart TV LED 4K UHD 4T-C70BK2UD,https://www.soriana.com/dw/image/v2/BGBD_PRD/on/demandware.static/-/Sites-soriana-grocery-master-catalog/default/dw119248b2/images/product/0074000377264_A.jpg?sw=473&sh=473&sm=fit,https://www.soriana.com/electronica/tv-y-video/,/pantalla-sharp-70-pulgadas-smart-tv-led-4k-uhd-4t-c70bk2ud/11584852.html,"$25,999.00",vacio,Hasta 36 MSI,vacio,Puntos 'dobles' al pagar con 'FALABELLA',vacio,2026-07-01
Tv y video,Pantallas,Pantalla Hisense 65 Pulgadas 4K LED VIDAA TV 65A65NV,https://www.soriana.com/dw/image/v2/BGBD_PRD/on/demandware.static/-/Sites-soriana-grocery-master-catalog/default/dw2df78374/images/product/888143022192_A.jpg?sw=473&sh=473&sm=fit,https://www.soriana.com/electronica/tv-y-video/,/pantalla-hisense-65-pulgadas-4k-led-vidaa-tv-65a65nv/11900637.html,"$12,590.00","$10,990.00",Hasta 36 MSI,vacio,vacio,vacio,2026-07-01
Tv y video,Pantallas,Pantalla TCL 55 pulgadas Smart TV LED 4K UHD 55S455,https://www.soriana.com/dw/image/v2/BGBD_PRD/on/demandware.static/-/Sites-soriana-grocery-master-catalog/default/dw155e4f17/images/product/846042061025_A.jpg?sw=473&sh=473&sm=fit,https://www.soriana.com/electronica/tv-y-video/,/pantalla-tcl-55-pulgadas-smart-tv-led-4k-uhd-55s455/11806381.html,"$8,890.00",vacio,Garantía extendida,vacio,vacio,vacio,2026-07-01
Tv y video,Pantallas,Pantalla Vios 58 pulgadas Smart TV LED UHD VI-58T232,https://www.soriana.com/dw/image/v2/BGBD_PRD/on/demandware.static/-/Sites-soriana-grocery-master-catalog/default/dwbe62d2a2/images/product/7500525799562_A.jpg?sw=473&sh=473&sm=fit,https://www.soriana.com/electronica/tv-y-video/,/pantalla-vios-58-pulgadas-smart-tv-led-uhd-vi-58t232/11802215.html,"$10,599.00",vacio,Garantía extendida,vacio,Puntos 'dobles' al pagar con 'FALABELLA',vacio,2026-07-01
Tv y video,Pantallas,Pantalla TCL 40 Pulgadas FHD QLED Google TV 40Q3K,https://www.soriana.com/dw/image/v2/BGBD_PRD/on/demandware.static/-/Sites-soriana-grocery-master-catalog/default/dw9507b1bc/images/product/846042073370_A.jpg?sw=473&sh=473&sm=fit,https://www.soriana.com/electronica/tv-y-video/,/pantalla-tcl-40-pulgadas-fhd-qled-google-tv-40q3k/11900591.html,"$4,990.00","$3,990.00",Hasta 36 MSI,vacio,vacio,vacio,2026-07-01
Tv y video,Pantallas,"Pantalla 43"" JVC FHD Roku TV SI43FRF",https://www.soriana.com/dw/image/v2/BGBD_PRD/on/demandware.static/-/Sites-soriana-grocery-master-catalog/default/dw4280eb2c/images/product/0841848101999_A.jpg?sw=473&sh=473&sm=fit,https://www.soriana.com/electronica/tv-y-video/,/pantalla-43-jvc-fhd-roku-tv-si43frf/11696840.html,"$5,990.00",vacio,Hasta 36 MSI,vacio,Puntos 'dobles' al pagar con 'FALABELLA',vacio,2026-07-01
Tv y video,Pantallas,Pantalla TCL 32 Pulgadas HD QLED Google TV 32Q2K,https://www.soriana.com/dw/image/v2/BGBD_PRD/on/demandware.static/-/Sites-soriana-grocery-master-catalog/default/dw0bb144df/images/product/846042073349_A.jpg?sw=473&sh=473&sm=fit,https://www.soriana.com/electronica/tv-y-video/,/pantalla-tcl-32-pulgadas-hd-qled-google-tv-32q2k/11900647.html,"$3,590.00","$3,290.00",Hasta 36 MSI,vacio,vacio,vacio,2026-07-01
Tv y video,Streaming,Roku Premiere 3920R,https://www.soriana.com/dw/image/v2/BGBD_PRD/on/demandware.static/-/Sites-soriana-grocery-master-catalog/default/dw2782d21d/images/product/7508314666040_A.jpg?sw=473&sh=473&sm=fit,https://www.soriana.com/electronica/tv-y-video/,/roku-premiere-3920r/11755570.html,"$1,590.00",vacio,Hasta 36 MSI,vacio,Puntos 'dobles' al pagar con 'FALABELLA',vacio,2026-07-01
Tv y video,Streaming,Fire TV Stick Amazon 3ra Gen HD B08C1W5N87,https://www.soriana.com/dw/image/v2/BGBD_PRD/on/demandware.static/-/Sites-soriana-grocery-master-catalog/default/dw696a54df/images/product/7508314666019_A.jpg?sw=473&sh=473&sm=fit,https://www.soriana.com/electronica/tv-y-video/,/fire-tv-stick-amazon-3ra-gen-hd-b08c1w5n87/11766579.html,"$1,590.00",vacio,Garantía extendida,vacio,Puntos 'dobles' al pagar con 'FALABELLA',vacio,2026-07-01
Tv y video,Streaming,Roku LE HD 3930S3,https://www.soriana.com/dw/image/v2/BGBD_PRD/on/demandware.static/-/Sites-soriana-grocery-master-catalog/default/dw2705f65f/images/product/7508314665975_A.jpg?sw=473&sh=473&sm=fit,https://www.soriana.com/electronica/tv-y-video/,/roku-le-hd-3930s3/11748114.html,"$1,490.00",vacio,Hasta 36 MSI,vacio,Puntos 'dobles' al pagar con 'FALABELLA',vacio,2026-07-01
Tv y video,Streaming,Amazon Fire Tv Stick B091G4Yp57,https://www.soriana.com/dw/image/v2/BGBD_PRD/on/demandware.static/-/Sites-soriana-grocery-master-catalog/default/dwb959a065/images/product/7508314665944_A.jpg?sw=473&sh=473&sm=fit,https://www.soriana.com/electronica/tv-y-video/,/amazon-fire-tv-stick-b091g4yp57/11748111.html,"$1,490.00",vacio,Hasta 36 MSI,vacio,Puntos 'dobles' al pagar con 'FALABELLA',vacio,2026-07-01
Tv y video,Streaming,Fire TV Stick Amazon 4K B08XVYZ1Y5,https://www.soriana.com/dw/image/v2/BGBD_PRD/on/demandware.static/-/Sites-soriana-grocery-master-catalog/default/dw72adae4f/images/product/7508314666026_A.jpg?sw=473&sh=473&sm=fit,https://www.soriana.com/electronica/tv-y-video/,/fire-tv-stick-amazon-4k-b08xvyz1y5/11766580.html,"$1,890.00",vacio,Hasta 36 MSI,vacio,Puntos 'dobles' al pagar con 'FALABELLA',vacio,2026-07-01
Tv y video,Streaming,Amazon Echo Pop (1St G)Smart B09Wnk39Jn,https://www.soriana.com/dw/image/v2/BGBD_PRD/on/demandware.static/-/Sites-soriana-grocery-master-catalog/default/dwaea5072a/images/product/7508314664756_A.jpg?sw=473&sh=473&sm=fit,https://www.soriana.com/electronica/tv-y-video/,/amazon-echo-pop-1st-gsmart-b09wnk39jn/11740882.html,"$1,090.00",vacio,vacio,vacio,Puntos 'dobles' al pagar con 'FALABELLA',vacio,2026-07-01
Tv y video,Streaming,Echo Dot Amazon 5ta Generación Negro,https://www.soriana.com/dw/image/v2/BGBD_PRD/on/demandware.static/-/Sites-soriana-grocery-master-catalog/default/dw09813a97/images/product/0840080503653_A.jpg?sw=473&sh=473&sm=fit,https://www.soriana.com/electronica/tv-y-video/,/echo-dot-amazon-5ta-generacion-negro/11681783.html,"$1,590.00",vacio,vacio,vacio,Puntos 'dobles' al pagar con 'FALABELLA',vacio,2026-07-01
Tv y video,Streaming,Amazon Echo Show 5 (3Ra Gen) B09B2Sbhqk,https://www.soriana.com/dw/image/v2/BGBD_PRD/on/demandware.static/-/Sites-soriana-grocery-master-catalog/default/dw9f3dd5db/images/product/7508314666071_A.jpg?sw=473&sh=473&sm=fit,https://www.soriana.com/electronica/tv-y-video/,/amazon-echo-show-5-3ra-gen-b09b2sbhqk/11752955.html,"$3,090.00",vacio,Garantía extendida,vacio,Puntos 'dobles' al pagar con 'FALABELLA',vacio,2026-07-01
Tv y video,Streaming,Amazon Echo Show 5 (3Ra Gen) B09B2Srgxh,https://www.soriana.com/dw/image/v2/BGBD_PRD/on/demandware.static/-/Sites-soriana-grocery-master-catalog/default/dw596158f0/images/product/7508314666095_A.jpg?sw=473&sh=473&sm=fit,https://www.soriana.com/electronica/tv-y-video/,/amazon-echo-show-5-3ra-gen-b09b2srgxh/11753107.html,"$2,890.00",vacio,Garantía extendida,vacio,Puntos 'dobles' al pagar con 'FALABELLA',vacio,2026-07-01
Tv y video,Streaming,Echo Dot Amazon 5ta Gen Azul,https://www.soriana.com/dw/image/v2/BGBD_PRD/on/demandware.static/-/Sites-soriana-grocery-master-catalog/default/dw4672ec32/images/product/0840080527079_A.jpg?sw=473&sh=473&sm=fit,https://www.soriana.com/electronica/tv-y-video/,/echo-dot-amazon-5ta-gen-azul/11698328.html,"$1,590.00",vacio,vacio,vacio,Puntos 'dobles' al pagar con 'FALABELLA',vacio,2026-07-01
Tv y video,Streaming,Echo Dot Amazon 5ta Gen Con Reloj Azul,https://www.soriana.com/dw/image/v2/BGBD_PRD/on/demandware.static/-/Sites-soriana-grocery-master-catalog/default/dw7b1d9754/images/product/0840080557885_A.jpg?sw=473&sh=473&sm=fit,https://www.soriana.com/electronica/tv-y-video/,/echo-dot-amazon-5ta-gen-con-reloj-azul/11698331.html,"$1,890.00",vacio,Garantía extendida,vacio,Puntos 'dobles' al pagar con 'FALABELLA',vacio,2026-07-01
Tv y video,Streaming,Echo Dot Amazon 5ta Gen Blanco,https://www.soriana.com/dw/image/v2/BGBD_PRD/on/demandware.static/-/Sites-soriana-grocery-master-catalog/default/dw2435e05c/images/product/0840080531083_A.jpg?sw=473&sh=473&sm=fit,https://www.soriana.com/electronica/tv-y-video/,/echo-dot-amazon-5ta-gen-blanco/11698329.html,"$1,590.00",vacio,vacio,vacio,Puntos 'dobles' al pagar con 'FALABELLA',vacio,2026-07-01
Tv y video,Streaming,Roku Streaming Stick Plus 3830MX,https://www.soriana.com/dw/image/v2/BGBD_PRD/on/demandware.static/-/Sites-soriana-grocery-master-catalog/default/dw37006de2/images/product/829610007885_A.jpg?sw=473&sh=473&sm=fit,https://www.soriana.com/electronica/tv-y-video/,/roku-streaming-stick-plus-3830mx/11898251.html,"$1,199.00",vacio,vacio,vacio,Puntos 'dobles' al pagar con 'FALABELLA',vacio,2026-07-01
Tv y video,Streaming,Roku Express 4K ROK3940MX,https://www.soriana.com/dw/image/v2/BGBD_PRD/on/demandware.static/-/Sites-soriana-grocery-master-catalog/default/dwbe889dc0/images/product/0829610004679_A.jpg?sw=473&sh=473&sm=fit,https://www.soriana.com/electronica/tv-y-video/,/roku-express-4k-rok3940mx/11633921.html,"$1,199.00",vacio,vacio,vacio,Puntos 'dobles' al pagar con 'FALABELLA',vacio,2026-07-01
Tv y video,Streaming,Bocina Inteligente Google Home Mini Gris,https://www.soriana.com/dw/image/v2/BGBD_PRD/on/demandware.static/-/Sites-soriana-grocery-master-catalog/default/dwf910d3f7/images/product/0193575003306_A.jpg?sw=473&sh=473&sm=fit,https://www.soriana.com/electronica/tv-y-video/,/bocina-inteligente-google-home-mini-gris/11518472.html,"$1,690.00",vacio,vacio,vacio,Puntos 'dobles' al pagar con 'FALABELLA',vacio,2026-07-01
Tv y video,Streaming,Echo Dot Amazon 5ta Gen con Reloj Blanco,https://www.soriana.com/dw/image/v2/BGBD_PRD/on/demandware.static/-/Sites-soriana-grocery-master-catalog/default/dw0dfe21fe/images/product/0840080558066_A.jpg?sw=473&sh=473&sm=fit,https://www.soriana.com/electronica/tv-y-video/,/echo-dot-amazon-5ta-gen-con-reloj-blanco/11698330.html,"$1,590.00",vacio,Garantía extendida,vacio,Puntos 'dobles' al pagar con 'FALABELLA',vacio,2026-07-01
Tv y video,Accesorios de tv y video,Control Wi-Fi Universal Steren SHOME-160,https://www.soriana.com/dw/image/v2/BGBD_PRD/on/demandware.static/-/Sites-soriana-grocery-master-catalog/default/dw4c59df02/images/product/7506250936425_A.jpg?sw=473&sh=473&sm=fit,https://www.soriana.com/electronica/tv-y-video/,/control-wi-fi-universal-steren-shome-160/11579945.html,$399.00,vacio,Hasta 36 MSI,vacio,Puntos 'dobles' al pagar con 'FALABELLA',vacio,2026-07-01
Tv y video,Accesorios de tv y video,Antena Steren Mini ANT-120,https://www.soriana.com/dw/image/v2/BGBD_PRD/on/demandware.static/-/Sites-soriana-grocery-master-catalog/default/dw33e51f78/images/product/7506250913785_A.jpg?sw=473&sh=473&sm=fit,https://www.soriana.com/electronica/tv-y-video/,/antena-steren-mini-ant-120/11113089.html,$149.00,vacio,vacio,vacio,Puntos 'dobles' al pagar con 'FALABELLA',vacio,2026-07-01
Tv y video,Accesorios de tv y video,Cable Steren HDMI 206-HDMI 3.6 M,https://www.soriana.com/dw/image/v2/BGBD_PRD/on/demandware.static/-/Sites-soriana-grocery-master-catalog/default/dw4e509938/images/product/7501483195427_A.jpg?sw=473&sh=473&sm=fit,https://www.soriana.com/electronica/tv-y-video/,/cable-steren-hdmi-206-hdmi-3.6-m/2190176.html,$249.00,vacio,vacio,vacio,Puntos 'dobles' al pagar con 'FALABELLA',vacio,2026-07-01
Tv y video,Accesorios de tv y video,Control Remoto 3D Autoprogramación,https://www.soriana.com/dw/image/v2/BGBD_PRD/on/demandware.static/-/Sites-soriana-grocery-master-catalog/default/dw2afdbbaf/images/product/7506250917257_A.jpg?sw=473&sh=473&sm=fit,https://www.soriana.com/electronica/tv-y-video/,/control-remoto-3d-autoprogramacion/9074095.html,$133.00,vacio,vacio,vacio,Puntos 'dobles' al pagar con 'FALABELLA',vacio,2026-07-01
Tv y video,Accesorios de tv y video,Cable HDMI Steren 206-HDMI-180 Macho A Macho 1.8M,https://www.soriana.com/dw/image/v2/BGBD_PRD/on/demandware.static/-/Sites-soriana-grocery-master-catalog/default/dw5bff33a0/images/product/7501483198114_A.jpg?sw=473&sh=473&sm=fit,https://www.soriana.com/electronica/tv-y-video/,/cable-hdmi-steren-206-hdmi-180-macho-a-macho-1.8m/2112797.html,$149.00,vacio,vacio,vacio,Puntos 'dobles' al pagar con 'FALABELLA',vacio,2026-07-01
Tv y video,Accesorios de tv y video,Antena HDTV Cuadrada Steren ANT-9028 Negro,https://www.soriana.com/dw/image/v2/BGBD_PRD/on/demandware.static/-/Sites-soriana-grocery-master-catalog/default/dwd90e3d65/images/product/7506250926747_A.jpg?sw=473&sh=473&sm=fit,https://www.soriana.com/electronica/tv-y-video/,/antena-hdtv-cuadrada-steren-ant-9028-negro/11312098.html,$136.00,vacio,vacio,vacio,Puntos 'dobles' al pagar con 'FALABELLA',vacio,2026-07-01
Tv y video,Accesorios de tv y video,Antena Steren Doble Aro 10-304,https://www.soriana.com/dw/image/v2/BGBD_PRD/on/demandware.static/-/Sites-soriana-grocery-master-catalog/default/dwb2a4e1ba/images/product/7506250921940_A.jpg?sw=473&sh=473&sm=fit,https://www.soriana.com/electronica/tv-y-video/,/antena-steren-doble-aro-10-304/11211915.html,$68.90,vacio,vacio,vacio,Puntos 'dobles' al pagar con 'FALABELLA',vacio,2026-07-01
Tv y video,Accesorios de tv y video,Cable Coaxial Conectores F Steren 205-030 7.6m,https://www.soriana.com/dw/image/v2/BGBD_PRD/on/demandware.static/-/Sites-soriana-grocery-master-catalog/default/dw7a14092b/images/product/7501483102197_A.jpg?sw=473&sh=473&sm=fit,https://www.soriana.com/electronica/tv-y-video/,/cable-coaxial-conectores-f-steren-205-030-7.6m/680301.html,$149.00,vacio,vacio,vacio,Puntos 'dobles' al pagar con 'FALABELLA',vacio,2026-07-01
Tv y video,Accesorios de tv y video,Cable Para Videocámara Steren 206-246 1.8 m,https://www.soriana.com/dw/image/v2/BGBD_PRD/on/demandware.static/-/Sites-soriana-grocery-master-catalog/default/dw30aca61f/images/product/7501483147723_A.jpg?sw=473&sh=473&sm=fit,https://www.soriana.com/electronica/tv-y-video/,/cable-para-videocamara-steren-206-246-1.8-m/1731343.html,$69.00,vacio,vacio,vacio,Puntos 'dobles' al pagar con 'FALABELLA',vacio,2026-07-01
Tv y video,Accesorios de tv y video,Control Universal Steren RM-11,https://www.soriana.com/dw/image/v2/BGBD_PRD/on/demandware.static/-/Sites-soriana-grocery-master-catalog/default/dw8c21dfa5/images/product/7501483195182_A.jpg?sw=473&sh=473&sm=fit,https://www.soriana.com/electronica/tv-y-video/,/control-universal-steren-rm-11/2159091.html,$122.00,vacio,vacio,vacio,Puntos 'dobles' al pagar con 'FALABELLA',vacio,2026-07-01
Tv y video,Accesorios de tv y video,Cable De Audio Y Video Macho A Macho Steren 206-843 Negro,https://www.soriana.com/dw/image/v2/BGBD_PRD/on/demandware.static/-/Sites-soriana-grocery-master-catalog/default/dw384a2f3c/images/product/7501483195434_A.jpg?sw=473&sh=473&sm=fit,https://www.soriana.com/electronica/tv-y-video/,/cable-de-audio-y-video-macho-a-macho-steren-206-843-negro/2190177.html,$269.00,vacio,vacio,vacio,Puntos 'dobles' al pagar con 'FALABELLA',vacio,2026-07-01
Tv y video,Accesorios de tv y video,Cable HDMI Transhine 5M,https://www.soriana.com/dw/image/v2/BGBD_PRD/on/demandware.static/-/Sites-soriana-grocery-master-catalog/default/dw34f1a5ad/images/product/7508314662530_A.jpg?sw=473&sh=473&sm=fit,https://www.soriana.com/electronica/tv-y-video/,/cable-hdmi-transhine-5m/11749527.html,$490.00,vacio,vacio,vacio,Puntos 'dobles' al pagar con 'FALABELLA',vacio,2026-07-01
Tv y video,Accesorios de tv y video,Cable HDMI Transhine 10M,https://www.soriana.com/dw/image/v2/BGBD_PRD/on/demandware.static/-/Sites-soriana-grocery-master-catalog/default/dwf62b756c/images/product/7508314663797_A.jpg?sw=473&sh=473&sm=fit,https://www.soriana.com/electronica/tv-y-video/,/cable-hdmi-transhine-10m/11720257.html,$699.00,vacio,Hasta 36 MSI,vacio,Puntos 'dobles' al pagar con 'FALABELLA',vacio,2026-07-01
Tv y video,Soporte para pantalla,Soporte Movible X Power MT-1070 70 Pulgadas,https://www.soriana.com/dw/image/v2/BGBD_PRD/on/demandware.static/-/Sites-soriana-grocery-master-catalog/default/dw4219249f/images/product/7503021012357_A.jpg?sw=473&sh=473&sm=fit,https://www.soriana.com/electronica/tv-y-video/,/soporte-movible-x-power-mt-1070-70-pulgadas/11259305.html,$499.00,vacio,vacio,vacio,Puntos 'dobles' al pagar con 'FALABELLA',vacio,2026-07-01
Tv y video,Soporte para pantalla,Soporte Para TV Power Fijo De 26 A 70 Pulgadas XF-700,https://www.soriana.com/dw/image/v2/BGBD_PRD/on/demandware.static/-/Sites-soriana-grocery-master-catalog/default/dw13bb3032/images/product/7503027231080_A.jpg?sw=473&sh=473&sm=fit,https://www.soriana.com/electronica/tv-y-video/,/soporte-para-tv-power-fijo-de-26-a-70-pulgadas-xf-700/11496852.html,$239.00,vacio,vacio,vacio,Puntos 'dobles' al pagar con 'FALABELLA',vacio,2026-07-01
Tv y video,Soporte para pantalla,Soporte Movimiento Completo Vios Para TV de 23 a 43 Pulgadas,https://www.soriana.com/dw/image/v2/BGBD_PRD/on/demandware.static/-/Sites-soriana-grocery-master-catalog/default/dw3f47f19a/images/product/7500525856722_A.jpg?sw=473&sh=473&sm=fit,https://www.soriana.com/electronica/tv-y-video/,/soporte-movimiento-completo-vios-para-tv-de-23-a-43-pulgadas/11823993.html,$299.00,vacio,vacio,vacio,Puntos 'dobles' al pagar con 'FALABELLA',vacio,2026-07-01
Tv y video,Soporte para pantalla,Soporte para Pantalla Xpower 1 Brazo Hasta 55 Pulgadas MP-1043,https://www.soriana.com/dw/image/v2/BGBD_PRD/on/demandware.static/-/Sites-soriana-grocery-master-catalog/default/dw4f7d60b0/images/product/7503030938471_A.jpg?sw=473&sh=473&sm=fit,https://www.soriana.com/electronica/tv-y-video/,/soporte-para-pantalla-xpower-1-brazo-hasta-55-pulgadas-mp-1043/11552834.html,$299.00,vacio,vacio,vacio,Puntos 'dobles' al pagar con 'FALABELLA',vacio,2026-07-01
Tv y video,Soporte para pantalla,Soporte Articulado Vios Para TV de 43 a 100 Pulgadas,https://www.soriana.com/dw/image/v2/BGBD_PRD/on/demandware.static/-/Sites-soriana-grocery-master-catalog/default/dwca27082b/images/product/7500525856746_A.jpg?sw=473&sh=473&sm=fit,https://www.soriana.com/electronica/tv-y-video/,/soporte-articulado-vios-para-tv-de-43-a-100-pulgadas/11823995.html,"$1,490.00",vacio,Hasta 36 MSI,vacio,Puntos 'dobles' al pagar con 'FALABELLA',vacio,2026-07-01
Tv y video,Soporte para pantalla,Soporte para Pantalla X Power MP-1070 Hasta 70 Pulgadas,https://www.soriana.com/dw/image/v2/BGBD_PRD/on/demandware.static/-/Sites-soriana-grocery-master-catalog/default/dw5f8fc4c0/images/product/7503030938488_A.jpg?sw=473&sh=473&sm=fit,https://www.soriana.com/electronica/tv-y-video/,/soporte-para-pantalla-x-power-mp-1070-hasta-70-pulgadas/11552835.html,$349.00,vacio,vacio,vacio,Puntos 'dobles' al pagar con 'FALABELLA',vacio,2026-07-01
Tv y video,Soporte para pantalla,Soporte Fijo Vios Para TV de 43 a 90 Pulgadas,https://www.soriana.com/dw/image/v2/BGBD_PRD/on/demandware.static/-/Sites-soriana-grocery-master-catalog/default/dwa9212071/images/product/7500525856739_A.jpg?sw=473&sh=473&sm=fit,https://www.soriana.com/electronica/tv-y-video/,/soporte-fijo-vios-para-tv-de-43-a-90-pulgadas/11823994.html,"$1,490.00",vacio,Hasta 36 MSI,vacio,Puntos 'dobles' al pagar con 'FALABELLA',vacio,2026-07-01
Tv y video,Soporte para pantalla,Base Soporte Universal BlackRock de 37 a 80 Pulgadas Hasta 50Kg,https://www.soriana.com/dw/image/v2/BGBD_PRD/on/demandware.static/-/Sites-soriana-grocery-master-catalog/default/dw2d5c661d/images/product/7503054469074_A.jpg?sw=473&sh=473&sm=fit,https://www.soriana.com/electronica/tv-y-video/,/base-soporte-universal-blackrock-de-37-a-80-pulgadas-hasta-50kg/11893507.html,$490.00,vacio,Hasta 36 MSI,vacio,vacio,vacio,2026-07-01
Tv y video,Soporte para pantalla,Soporte Fijo Vios Para TV de 37 a 70 Pulgadas,https://www.soriana.com/dw/image/v2/BGBD_PRD/on/demandware.static/-/Sites-soriana-grocery-master-catalog/default/dwada004c4/images/product/7500525856708_A.jpg?sw=473&sh=473&sm=fit,https://www.soriana.com/electronica/tv-y-video/,/soporte-fijo-vios-para-tv-de-37-a-70-pulgadas/11823991.html,$499.00,vacio,Hasta 36 MSI,vacio,Puntos 'dobles' al pagar con 'FALABELLA',vacio,2026-07-01
Tv y video,Soporte para pantalla,Soporte Fijo BlackRock de 40 a 80 Pulgadas Hasta 50Kg,https://www.soriana.com/dw/image/v2/BGBD_PRD/on/demandware.static/-/Sites-soriana-grocery-master-catalog/default/dwf84c4f06/images/product/7500464780713_A.jpg?sw=473&sh=473&sm=fit,https://www.soriana.com/electronica/tv-y-video/,/soporte-fijo-blackrock-de-40-a-80-pulgadas-hasta-50kg/11893489.html,$539.00,vacio,Hasta 36 MSI,vacio,vacio,vacio,2026-07-01
Tv y video,Soporte para pantalla,Soporte Articulado BlackRock 2 Brazos de 40 a 75 Pulgadas Hasta 45Kg,https://www.soriana.com/dw/image/v2/BGBD_PRD/on/demandware.static/-/Sites-soriana-grocery-master-catalog/default/dw7b7beb44/images/product/7500464780744_A.jpg?sw=473&sh=473&sm=fit,https://www.soriana.com/electronica/tv-y-video/,/soporte-articulado-blackrock-2-brazos-de-40-a-75-pulgadas-hasta-45kg/11893490.html,$990.00,vacio,Hasta 36 MSI,vacio,vacio,vacio,2026-07-01
Tv y video,Soporte para pantalla,Kit Full TV Steren para TV 43 a 100 Pulgadas Antena HDTV,https://www.soriana.com/dw/image/v2/BGBD_PRD/on/demandware.static/-/Sites-soriana-grocery-master-catalog/default/dwa99ebfa5/images/product/7506250986857_A.jpg?sw=473&sh=473&sm=fit,https://www.soriana.com/electronica/tv-y-video/,/kit-full-tv-steren-para-tv-43-a-100-pulgadas-antena-hdtv/11920749.html,$599.00,vacio,Hasta 36 MSI,vacio,Puntos 'dobles' al pagar con 'FALABELLA',vacio,2026-07-01
Tv y video,Soporte para pantalla,Soporte Articulado BlackRock de 17 a 55 Pulgadas Hasta 25Kg,https://www.soriana.com/dw/image/v2/BGBD_PRD/on/demandware.static/-/Sites-soriana-grocery-master-catalog/default/dwa72b2af9/images/product/7503054469098_A.jpg?sw=473&sh=473&sm=fit,https://www.soriana.com/electronica/tv-y-video/,/soporte-articulado-blackrock-de-17-a-55-pulgadas-hasta-25kg/11893462.html,$490.00,vacio,Hasta 36 MSI,vacio,vacio,vacio,2026-07-01
Tv y video,Soporte para pantalla,Soporte Inclinable Vios Para TV de 37 a 70 Pulgadas,https://www.soriana.com/dw/image/v2/BGBD_PRD/on/demandware.static/-/Sites-soriana-grocery-master-catalog/default/dwc65d39c6/images/product/7500525856692_A.jpg?sw=473&sh=473&sm=fit,https://www.soriana.com/electronica/tv-y-video/,/soporte-inclinable-vios-para-tv-de-37-a-70-pulgadas/11823990.html,$549.00,vacio,Hasta 36 MSI,vacio,Puntos 'dobles' al pagar con 'FALABELLA',vacio,2026-07-01
Tv y video,Soporte para pantalla,Soporte Fijo Vios Para TV de 37 a 80 Pulgadas,https://www.soriana.com/dw/image/v2/BGBD_PRD/on/demandware.static/-/Sites-soriana-grocery-master-catalog/default/dw0c15b7db/images/product/7500525856715_A.jpg?sw=473&sh=473&sm=fit,https://www.soriana.com/electronica/tv-y-video/,/soporte-fijo-vios-para-tv-de-37-a-80-pulgadas/11823992.html,$599.00,vacio,Hasta 36 MSI,vacio,Puntos 'dobles' al pagar con 'FALABELLA',vacio,2026-07-01
Tv y video,Soporte para pantalla,Soporte Articulado BlackRock de 40 a 80 Pulgadas Hasta 50Kg Grio 180°,https://www.soriana.com/dw/image/v2/BGBD_PRD/on/demandware.static/-/Sites-soriana-grocery-master-catalog/default/dw3b1e5b18/images/product/7500464780737_A.jpg?sw=473&sh=473&sm=fit,https://www.soriana.com/electronica/tv-y-video/,/soporte-articulado-blackrock-de-40-a-80-pulgadas-hasta-50kg-grio-180/11893500.html,"$1,690.00",vacio,Garantía extendida,vacio,vacio,vacio,2026-07-01
Tv y video,Soporte para pantalla,Soporte Articulado BlackRock de 26 a 55 Pulgadas Hasta 35Kg,https://www.soriana.com/dw/image/v2/BGBD_PRD/on/demandware.static/-/Sites-soriana-grocery-master-catalog/default/dw64c0a005/images/product/7500464780720_A.jpg?sw=473&sh=473&sm=fit,https://www.soriana.com/electronica/tv-y-video/,/soporte-articulado-blackrock-de-26-a-55-pulgadas-hasta-35kg/11893499.html,$590.00,vacio,Hasta 36 MSI,vacio,vacio,vacio,2026-07-01
Tv y video,Teatro en casa,Barra de Sonido LG S20A Dolby Atmos 2.0W,https://www.soriana.com/dw/image/v2/BGBD_PRD/on/demandware.static/-/Sites-soriana-grocery-master-catalog/default/dw5cb1b27b/images/product/8806096334591_A.jpg?sw=473&sh=473&sm=fit,https://www.soriana.com/electronica/tv-y-video/,/barra-de-sonido-lg-s20a-dolby-atmos-2.0w/11881935.html,"$2,490.00",vacio,Combo,vacio,Puntos 'dobles' al pagar con 'FALABELLA',vacio,2026-07-01
Tv y video,Teatro en casa,Barra de Sonido FOL FS-M235 Recargable 3000mAh,https://www.soriana.com/dw/image/v2/BGBD_PRD/on/demandware.static/-/Sites-soriana-grocery-master-catalog/default/dwaaaa5208/images/product/7503030509107_A.jpg?sw=473&sh=473&sm=fit,https://www.soriana.com/electronica/tv-y-video/,/barra-de-sonido-fol-fs-m235-recargable-3000mah/11690226.html,"$1,390.00",vacio,Hasta 36 MSI,vacio,Puntos 'dobles' al pagar con 'FALABELLA',vacio,2026-07-01
Tv y video,Teatro en casa,Barra De Sonido FOL FS-M228L Con Subwoofer 100W,https://www.soriana.com/dw/image/v2/BGBD_PRD/on/demandware.static/-/Sites-soriana-grocery-master-catalog/default/dw2c01bec2/images/product/7503028134939_A.jpg?sw=473&sh=473&sm=fit,https://www.soriana.com/electronica/tv-y-video/,/barra-de-sonido-fol-fs-m228l-con-subwoofer-100w/11690225.html,"$1,990.00",vacio,Garantía extendida,vacio,Puntos 'dobles' al pagar con 'FALABELLA',vacio,2026-07-01
Tv y video,Teatro en casa,Barra de Sonido LG 4.1 Canales SH5A,https://www.soriana.com/dw/image/v2/BGBD_PRD/on/demandware.static/-/Sites-soriana-grocery-master-catalog/default/dw7d527f31/images/product/8806096334492_A.jpg?sw=473&sh=473&sm=fit,https://www.soriana.com/electronica/tv-y-video/,/barra-de-sonido-lg-4.1-canales-sh5a/11882040.html,"$5,990.00",vacio,Garantía extendida,vacio,Puntos 'dobles' al pagar con 'FALABELLA',vacio,2026-07-01
Tv y video,Teatro en casa,Barra de Sonido Misik BT LED HDMI 32 Pulgadas 6000W,https://www.soriana.com/dw/image/v2/BGBD_PRD/on/demandware.static/-/Sites-soriana-grocery-master-catalog/default/dwa5605537/images/product/89081805551_A.jpg?sw=473&sh=473&sm=fit,https://www.soriana.com/electronica/tv-y-video/,/barra-de-sonido-misik-bt-led-hdmi-32-pulgadas-6000w/11923263.html,$599.00,vacio,Hasta 36 MSI,vacio,Puntos 'dobles' al pagar con 'FALABELLA',vacio,2026-07-01
Tv y video,Samsung,Proyector Samsung Freestyle Portátil,https://www.soriana.com/dw/image/v2/BGBD_PRD/on/demandware.static/-/Sites-soriana-grocery-master-catalog/default/dwea22c5d0/images/product/8806094105322_A.jpg?sw=473&sh=473&sm=fit,https://www.soriana.com/electronica/tv-y-video/,/proyector-samsung-freestyle-portatil/11648179.html,"$13,390.00",vacio,Hasta 36 MSI,vacio,vacio,vacio,2026-07-01
Tv y video,Marca LG,"Pantalla 55"" LG 4K UHD AI THINQ Smart TV 55UR7800PSB",https://www.soriana.com/dw/image/v2/BGBD_PRD/on/demandware.static/-/Sites-soriana-grocery-master-catalog/default/dw4875a85a/images/product/8806087087291_A.jpg?sw=473&sh=473&sm=fit,https://www.soriana.com/electronica/tv-y-video/,/pantalla-55-lg-4k-uhd-ai-thinq-smart-tv-55ur7800psb/11718895.html,"$9,990.00","$6,990.00",Hasta 36 MSI,vacio,Puntos 'dobles' al pagar con 'FALABELLA',vacio,2026-07-01
Tv y video,Marca LG,Refrigerador Top Mount LG de 20 pies Silver,https://www.soriana.com/dw/image/v2/BGBD_PRD/on/demandware.static/-/Sites-soriana-grocery-master-catalog/default/dw11f29d15/images/product/8806098688555_A.jpg?sw=473&sh=473&sm=fit,https://www.soriana.com/electronica/tv-y-video/,/refrigerador-top-mount-lg-de-20-pies-silver/3141544.html,"$18,990.00","$14,499.00",Hasta 36 MSI,vacio,Puntos 'dobles' al pagar con 'FALABELLA',vacio,2026-07-01
